Tweet,HS,Abusive,HS_Individual,HS_Group,HS_Religion,HS_Race,HS_Physical,HS_Gender,HS_Other,HS_Weak,HS_Moderate,HS_Strong
"41. Kadang aku berfikir, kenapa aku tetap percaya pada Tuhan padahal aku selalu jatuh berkali-kali. Kadang aku merasa Tuhan itu ninggalkan aku sendirian. Ketika orangtuaku berencana berpisah, ketika kakakku lebih memilih jadi Kristen. Ketika aku anak ter",0,0,0,0,0,0,0,0,0,0,0,0
USER USER AKU ITU AKU\n\nKU TAU MATAMU SIPIT TAPI DILIAT DARI MANA ITU AKU',0,0,0,0,0,0,0,0,0,0,0,0
USER USER Kaum cebong kapir udah keliatan dongoknya dari awal tambah dongok lagi hahahah',1,1,0,1,1,0,0,0,0,0,1,0
USER Ya bani taplak dkk \xf0\x9f\x98\x84\xf0\x9f\x98\x84\xf0\x9f\x98\x84',1,1,0,1,0,0,0,0,1,0,1,0
deklarasi pilkada 2018 aman dan anti hoax warga dukuh sari jabon,0,0,0,0,0,0,0,0,0,0,0,0
Gue baru aja kelar re-watch Aldnoah Zero!!! paling kampret emang endingnya! 2 karakter utama cowonya kena friendzone bray! XD URL,0,1,0,0,0,0,0,0,0,0,0,0
"Nah admin belanja satu lagi port terbaik nak makan Ais Kepal Milo, Ais Kepal Horlicks atau Cendol Toping kaw kaw. �??�; ; Doket mano tu ? Gerai Rojak Mertuaku - Taipan 2 (depan TWINS BABY &amp; ROMANTIKA / Bank Islam Senawang) �???",0,0,0,0,0,0,0,0,0,0,0,0
USER Enak lg klo smbil ngewe',0,1,0,0,0,0,0,0,0,0,0,0
"Setidaknya gw punya jari tengah buat lu, sebelom gw ukur nyali sama bacot lu \xf0\x9f\x98\x8f'",1,1,1,0,0,0,0,0,1,1,0,0
USER USER USER USER BANCI KALENG MALU GA BISA JAWAB PERTANYAAN KAMI DARI 2 HARI LALU.... NYUNGSEP KOE USER URL,1,1,1,0,0,0,0,1,0,1,0,0
Kalo belajar ekonomi mestinya jago memprivatisasi hati orang. Duh.. ironi USER,0,0,0,0,0,0,0,0,0,0,0,0
Aktor huruhara 98 Prabowo S ingin lengserkan pemerintahan Jokowi.... Nyata,1,0,1,0,0,0,0,0,1,1,0,0
USER Bu guru enakan jadi jablay atau guru esde sih.\nKayaknya menikmati jadi pecun ini guru.',1,1,1,0,0,0,0,1,0,1,0,0
"USER USER USER USER USER USER Lawan bicara gw gak intelek kyk loe, yg otak gak punya. Ttg kencing onta, gw mengakui hadis nabi dan itu sahih. Kafir kyk loe pasti menolak, makanya loe ahlunnar.'",1,1,1,0,1,0,0,0,0,1,0,0
Belakangan ini kok fikiran ampas banget ya',0,0,0,0,0,0,0,0,0,0,0,0
Ari sarua beki mah repeh monyet\xf0\x9f\x98\x86\xf0\x9f\x98\x86',0,1,0,0,0,0,0,0,0,0,0,0
Jadi cowo itu harus Gantle kalo ga Gantle itu namanya BANCI !',1,1,0,1,0,0,0,1,0,0,1,0
USER Slga mnr bom \xf0\x9f\x98\x82',0,0,0,0,0,0,0,0,0,0,0,0
"Asw ya tapi gua jarang ngambek, tacut wkkwkwkwkw gua kan bucin.'",0,1,0,0,0,0,0,0,0,0,0,0
USER kalo kamu noob pasti peluang disakitin nya lebih gede si',0,0,0,0,0,0,0,0,0,0,0,0
"USER Joko Widodo dinilai sebagai presiden terlemah dalam sejarah Indonesia. Hal ini terjadi bukan saja karena Jokowi tidak memiliki modal dukungan politik yang cukup, melainkan juga karena ketidakmampuan pemerintahannya menghadapi situasi ekonomi g",0,0,0,0,0,0,0,0,0,0,0,0
PELAJAR SMA KEC BILAH HILIR DEKLARASI ANTI HOAX &amp; PILKADA 2018 DAMAI,0,0,0,0,0,0,0,0,0,0,0,0
Bandara Udara Internasional Kertajati dibangun oleh Gubernur Ahmad Heryawan tanpa gunakan APBN pemerintah pusat. Insya Allah siap beroperasi bulan depan;,0,0,0,0,0,0,0,0,0,0,0,0
"Siapapun gubernur dan presidennya, rakyatnya, ya kita² juga...",0,0,0,0,0,0,0,0,0,0,0,0
Ini si USER kerjaannya delay mulu! Setan!',1,1,0,1,0,0,0,0,1,0,1,0
menurutku pintu sorga ada yaitu pintu sorga yang asli dan pintu hatimu modusbanget,0,0,0,0,0,0,0,0,0,0,0,0
RT USER USER USER PKI hanya muncul jika jelang pemilihan kepala daerah dan pemilihan presiden krn digoreng sampai gosong.,1,0,0,1,0,1,0,0,0,0,1,0
USER USER Itu mah sdh nenek-nenek sy heran sama cebong biasay bohong terus',1,1,1,0,0,0,0,0,1,1,0,0
"USER USER USER USER USER USER USER USER USER Islam Nusantara produk JIL, dipasarkan dg gencar oleh antek\xc2\xb2 JIL.\n\nSementara JIL anti Arab, tapi pro Aseng!\n\nKata (alm) KH. Hasyim Muzadi,",1,0,0,1,1,0,0,0,0,0,1,0
Dari habis sahur sampe jam 10. Sibayik udah nete 4x. Skg rasanya lemas tak terkira \xf0\x9f\xa4\xa2',0,0,0,0,0,0,0,0,0,0,0,0
USER Gak kak emak mah gak demen ama yang sipit wkwk',0,0,0,0,0,0,0,0,0,0,0,0
"RT USER: Kelakuan homok jaman now, ngentot aja sambil live di Blued #gayvid #gvid #lokalhangat URL",0,1,0,0,0,0,0,0,0,0,0,0
"USER Ga kak, gua bukan orang jawa maaf yak :(; ; gua orang palembang soalnya, kakak aja deh yg belajar aksara jawa. Atau kalak mau belajar budaya palembang?",0,0,0,0,0,0,0,0,0,0,0,0
Pegawai Guardian training lagi kek Mentang2 gue kek gembel cuman kaos sama Flat shoes nanya dijutekin bangsad emang males belinya juga kabur gua ke matahari',1,1,0,1,0,0,0,0,1,0,1,0
\xe2\x80\x9dPara Bajingan yang telah melukai Lady harus menerima ganjaran seratus kali lipat!!\xe2\x80\x9d(sanji) ##HBD17thPelautJKT48',0,1,0,0,0,0,0,0,0,0,0,0
ajakan menolak berita hoax dan sukseskan pilkada di wilayah kota keidri:,0,0,0,0,0,0,0,0,0,0,0,0
USER USER Presiden RI Jokowi luarBiasa kerja nya tulus IHLAs untuk #RakyatB3rsamaJKW,0,0,0,0,0,0,0,0,0,0,0,0
Edan emang goollnya fabiano!!',0,1,0,0,0,0,0,0,0,0,0,0
GAPERNAH MENDALAMI AL-QURAN YA BANG??? PANTESAN MULUTNYA KAYA ORANG KAFIR BEJAT HINA farhatabbaslaw',1,1,1,0,1,0,1,0,0,1,0,0
"Sangat terlihat beda sekali Kewibawaannya ,; yg sangat berwibawa cuma gubernur Indonesia USER ; Massya Allah...",0,0,0,0,0,0,0,0,0,0,0,0
Anjir baru kali ini lihat orang bego mau debat pilkada. Kerjanya nyerang karakter. Shame on you mpok silvy and agus. #DebatFinalPilkadaJKT,1,1,0,1,0,0,0,0,1,0,1,0
"#GubernurZamanNow #GusIpulPuti2 #GanjarYasin1 #DjarotSihar2 #HasanAnton2 #KosterAce1 #NurdinSudirman3 #KarolinGidot2 RT USER: ""Keanekaragaman budaya, suku, agama, itulah sesungguhnya kekayaan kita,�?? tutur Djarot di hadapan peserta Rakercabsu�?�",0,0,0,0,0,0,0,0,0,0,0,0
"USER USER Apa iya Islam itu ga boleh dilokalisasi? Lha Kristen aja mas ada Nusantaranya mas, liat aja di Gereja di bandung ada yg pake gamelan dan ada yg khotbah pake bhs Sunda/Jawa, ada HKBP juga kurang Nusantara apa?'",0,0,0,0,0,0,0,0,0,0,0,0
"Ciptakan Situasi Kamtibmas Menjelang Pilkada 2018, Kapolsek Konang Silaturahmi ke Tokoh Masyarakat",0,0,0,0,0,0,0,0,0,0,0,0
USER USER positif kok.\nse-positif respon masyarakat terhadap\n- CANGKUL impor\n- GARAM impor\n- BERAS impor\n- JAGUNG impor\n- TENAGA KERJA impor\n- ESEMKA impor\n\nURL,0,0,0,0,0,0,0,0,0,0,0,0
"USER USER USER USER Kata Sembahyang mengadopsi tradisi lokal pada masa kerjaan Hindu.\n\nIstilah\xc2\xa0sembahyang\xc2\xa0pun lahir dari tradisi ritus\xc2\xa0menyembahHyang (Yang Tunggal), sama dengan\xc2\xa0shalat menyembah All",0,0,0,0,0,0,0,0,0,0,0,0
KAU PENDIKAN TINGGI TAPI BODOH....GK ADA LARANG BAWA AGAMA..BIAR ORANG ISLAM YG DI BAYAR AHOK SADAR GK JADI MILIH AHOK GLA,1,1,1,0,0,0,0,0,1,1,0,0
"USER USER BTP the best ,,,abaikan kaum kampret otak micin ,,,'",1,1,0,1,0,0,0,0,1,0,1,0
"USER USER , si otak tempurung mah ga usah d ladenin. Smkn d lawan semakin Bloon dan Dungu. Dan kalo ga gitu dia ga makan. Hehe'",1,1,1,0,0,0,0,0,1,1,0,0
"USER Awaasss... Jgn sampe beritanya sampe ke akhi gerung! Ntar susah nyari kosakatany. klu bcr aja micingin mata, bibir monyong kesamping, suara keluar ky lg nhn kentut.. ""politik kotor skl jmn ini!"". Klu tahu brt ini.. Plng Sambil ky nhn ngeden..""dungu!"". \xf0\x9f\x98\x8b",1,1,1,0,0,0,1,0,0,1,0,0
pinokio umur 3 taonan tuh. #2019GantiPresiden,1,0,1,0,0,0,0,0,1,1,0,0
"USER Cerita silat lae \xf0\x9f\x98\x80 semacam Kho Ping Hoo yang dari Indonesia, tapi Liang Ie Shen penulis dari China'",0,0,0,0,0,0,0,0,0,0,0,0
RT USER benci sekali dgn Umat Islam,1,0,0,1,1,0,0,0,0,0,1,0
"USER USER USER ""Provokasi mayat, politisasi agama"" penyebab kekalahan pilkada DKI, beginilah cara cebong mendeskripsikan kekalahan junjungannya.; FYI ahog blm pernah ikut pemilihan apapun (kec jd wakil) dan dia bukanlah etnis mayorita",1,1,1,0,0,1,0,0,0,1,0,0
USER dari pada gua nete',0,1,0,0,0,0,0,0,0,0,0,0
USER Lol bani lowo',1,1,0,1,0,0,0,0,1,0,1,0
"Takabur bisa lahir dari siapa saja. Penguasa, rakyat, ulama maupun cendikia. Bahkan iblis mahluq yg alim &amp; telah beribadah beratus2 th dilaknat krn hasud takabburnya. Apalagi hanya seorang ahli ilmu filsafat yg tdk failosof; ; Mari kita demo diri sendi",0,0,0,0,0,0,0,0,0,0,0,0
"A orang yang suka ke konser-konser, sedikit boros.",0,0,0,0,0,0,0,0,0,0,0,0
[ SAMPAI KAPAN MAKAN RACUN ? ]; _; Banyak ulama yang mengatakan hukum rokok mubah dan ada juga�?�,0,0,0,0,0,0,0,0,0,0,0,0
Susilo Bambang Yudhoyono Presiden RI ke 6 meminta Khofifah Emil untuk dekat dengan masyarakat . No 1 Bisa ! BaGusS #KhofifahEmilNomer1,0,0,0,0,0,0,0,0,0,0,0,0
"USER udah biasa kali. Gue kpoper tapi kalo ngomonv sama temen2 gue, idol gua banci homo'",1,1,1,0,0,0,0,1,0,1,0,0
Saya suka video USER URL Awal Kisah Perseteruan Haji Bolot &amp; Malih Tongtong',0,0,0,0,0,0,0,0,0,0,0,0
"Budaya kafir bersungguh, klau hal2 islam tidak diendahkan...",0,0,0,0,0,0,0,0,0,0,0,0
"USER USER USER USER \xf0\x9f\x8e\xb6 la la la...hm hmm \xf0\x9f\x8e\xa7 ""Semua diam ,semua bisu""\n""Kita coba tanya sama rumput yg bergoyang"" \n\xe2\x99\xab\xe2\x99\xab\xe2\x99\xab\xe2\x99\xaa\xe2\x99\xaa\xe2\x99\xaa'",0,0,0,0,0,0,0,0,0,0,0,0
"Apabila setan membisikkan was-was kepadamu, mintalah perlindungan kepada Allah. (QS. al-A\xe2\x80\x99raf: 200 dan Fushilat: 36).'",0,0,0,0,0,0,0,0,0,0,0,0
USER USER USER USER USER USER USER Klw ente atheis..ngapain sibuk dgn agama orang...,0,0,0,0,0,0,0,0,0,0,0,0
Lengserkan Jokowi Bangsat!!,1,1,1,0,0,0,0,0,1,0,0,1
USER Selamat hari kartini ; ; #2019GANTIPRESIDEN; #2019PRESIDENBARU,0,0,0,0,0,0,0,0,0,0,0,0
"RT USER: Bajingan Homo!!!\nHati2 terhadap anak2 kita terutama di kamar mandi laki2, jgn biarkan sendiri! URL",1,1,1,0,0,0,0,1,0,1,0,0
USER Iya cocot',1,1,1,0,0,0,0,0,1,1,0,0
USER karena budaya indonesia.,0,0,0,0,0,0,0,0,0,0,0,0
"USER Yang ngajarin solat'a ajah itu orang aseng dia hanya ingin memecah belah islam""",0,0,0,0,0,0,0,0,0,0,0,0
USER x || Lo ngomong aja kaga bener bangke',1,1,1,0,0,0,0,0,1,1,0,0
USER USER Kita semua tidak pernah akan mempercayai yg negara Kita disuatu hari nanti akan dijajah oleh kerana terdapat kes2pembubaran sistem2 beraja dinegara Kita kini untuk menjadikan sebagai negara republik komunis padahal negara2 penjaja,0,0,0,0,0,0,0,0,0,0,0,0
tapi masih menikmati kebijakan yang dulu diusulkan PKI.. lha yo opo...,1,0,0,1,0,1,0,0,0,0,1,0
Kalo seumpama orang cina di usir paksa dari indonesia gimana,1,0,0,1,0,1,0,0,0,0,1,0
USER bunda ngentot yuk',0,1,0,0,0,0,0,0,0,0,0,0
RT USER: china babi... china maling...\n#UsirChina https:\/\/t.co\/9y4HIWHJp2,1,1,0,1,0,1,0,0,0,0,0,1
"Bung Karno anti asing dan beliau dari Jawa, coba deh adain konsensus lebih banyak mana Jawa yang anti asing atau pro asing karena kebo*ohannya. \n\nKalau kami keliru kami tutup akun'",0,0,0,0,0,0,0,0,0,0,0,0
PROYEK KORUPSI REZIM SBY URL,1,0,1,0,0,0,0,0,1,1,0,0
"USER Wajar saja, lihat saja tingkah bbrp petinggi negeri ini yg suka mencampur bhs indonesia dgn bhs asing setiap kali bicara'",0,0,0,0,0,0,0,0,0,0,0,0
AB: pribadi yg senang berkompetisi dalam hal yang baik dan positif,0,0,0,0,0,0,0,0,0,0,0,0
USER USER Terus menurut lo kitab suci agAma apa yg di bilang om USER ; ; #Mendadakkalap,1,0,1,0,0,0,0,0,1,1,0,0
USER Suka nutup mata. Kaga ditutup pun udah terlihat tertutup gara2 sipit /?',0,0,0,0,0,0,0,0,0,0,0,0
"USER Sy sbg muslim tdk merasa pak USER menistakan kitab suci Alqur'an, krn dlm Alqur'an sndri ada bbrp suku kata yg smpai dtik ini blm diketahui mkna faktualnya olh umat islam, tp kami yakini kata tsb ada makna yg tersirat (fiksi) yg blm",0,0,0,0,0,0,0,0,0,0,0,0
USER eh kasar kau kampang',1,1,1,0,0,0,0,0,1,1,0,0
"BENTAR LAGI GUA RILIS ALBUM THE ONTA'S WKWKWKWKWK""",0,0,0,0,0,0,0,0,0,0,0,0
USER Ada cebong bang dia merasa paling benar',1,1,1,0,0,0,0,0,1,1,0,0
Najis banget gw ngetwit apa barusan wey',0,1,0,0,0,0,0,0,0,0,0,0
Kamu transgender atau gmn anjing :( URL,1,1,1,0,0,0,0,1,0,1,0,0
USER awas bintitan lu ngintipin titit kucing',0,1,0,0,0,0,0,0,0,0,0,0
"USER USER Bawel, baper, bolot, baik, bodor , gaje wkwk apa ya udah itu aja deh'",0,1,0,0,0,0,0,0,0,0,0,0
"USER USER USER USER Gue saranin gk perlu bnyk bacot maling ayat, langsung to the point aja lu jadi orang... Yg tdk sepaham lu teriakin aja kafir sesat, liberal, pemuja dukun, bla blaaa.. pasti hatimu puas dehh ..'",1,1,1,0,1,0,0,0,0,1,0,0
Jgn salah target bkn ahok... agenda utama lengserkan Jokowi ..,1,0,1,0,0,0,0,0,1,0,0,1
USER USER masa baru kena hestek aja udah kepanasan ??? Kepo banget ; ; #2019GantiPresiden,1,0,1,0,0,0,0,0,1,1,0,0
"Maju lu sini duit tapi kau goyang kaki tak buat pape , mana la duit nak maju kat kau bodo URL",0,1,0,0,0,0,0,0,0,0,0,0
"USER HKBP berdiri itu sejak pecahnya kristen khatolik pada zaman penjajahan belanda,dl tdk ada yg namanya kristen protestan yg ada cm kristen khatolik.\nTerjadilah perpecahan dan berdirilah HKBP yg prtama kali di tarutung.\n\nNah skrg anda sy k",0,0,0,0,0,0,0,0,0,0,0,0
"Ha .. ha .. Banyak baca biar pintar ... JEPANG, AMERIKA, CHINA... Utang sama siapa ... Anda tau enggak ..?",0,0,0,0,0,0,0,0,0,0,0,0
Prabowo Sudah Kalah Menyebut Bantuan Jokowi Hanya Pencitraan Adalah Ratapan Pilu,1,0,1,0,0,0,0,0,1,1,0,0
USER USER dan yang takut dengan adzan adalah IBLIS',0,0,0,0,0,0,0,0,0,0,0,0
USER USER Yg goblog itu adalah bani cebong tukang tipu penjilat penguasa yg ketahuan gerakin masa yg dibayar pakai nasi bungkus. Propaganda nasi bungkus memang selalu gagal.',1,1,0,1,0,0,0,0,1,0,1,0
USER USER USER USER Wuih... cebong sewot...\n\xf0\x9f\x98\x82\xf0\x9f\x98\x82\xf0\x9f\x98\x82',1,1,1,0,0,0,0,0,1,1,0,0
2. Gerakan ini menekankan pentingnya kerja keras secara total untuk tingkatkan potensi bangsa,0,0,0,0,0,0,0,0,0,0,0,0
Padahal gubernur saat ini Djarot. Mayoritas partai politik di DPRD juga pendukung Ahok Djarot. Payah ya mereka USER URL,1,0,1,0,0,0,0,0,1,1,0,0
"USER rezim rusak bukan memperbaiki systeamnya malah sibuk cari2 kesalahan klu itu pasti ketemu aja, KPK alatnya, besok pemerintah berganti berulang kembali engah pernah selesai siapapun organisasi, orangnya'",0,0,0,0,0,0,0,0,0,0,0,0
"Saat orang orang saling menuding antek aseng, aseng sesungguhnya bertepuk tangan.'",0,0,0,0,0,0,0,0,0,0,0,0
USER Nah loh katanya anti aseng',0,0,0,0,0,0,0,0,0,0,0,0
"Selamat Pak USER Semoga Bisa Terus Berkiprah, Bahkan Tingkat Nasional.",0,0,0,0,0,0,0,0,0,0,0,0
#AsyikM3nang saya sih ikut ulama saja,0,0,0,0,0,0,0,0,0,0,0,0
USER Yang saya ketahui bahwa diketapang banyak tka asing yg berkerja di berbagai perusahaan. Termasuk pt who tambang bouksid yg viral saat pilpres dulu. \nDan bisa jadi ini karena kerja sama tsb terjadi di era gubernur cornelis dan wakilnya ora,0,0,0,0,0,0,0,0,0,0,0,0
USER Anak pecun... ga jauh2 dr hobi zina.. haha',1,1,1,0,0,0,0,1,0,1,0,0
USER QUE BOM SBBSNSN',0,0,0,0,0,0,0,0,0,0,0,0
"USER Istirahat aja pak presiden momentum sudah berlalu, saya pernah jadi saksi telinga dan mata awal rapat pembentukan PD di Pacitan tahun 2003",0,0,0,0,0,0,0,0,0,0,0,0
"Pada 1979, House Select Committee on Assassinations (HSCA) menemukan cacat investigasi yang dilakukan FBI dan Warren Commission. HSCA juga menyimpulkan ada empat tembakan yang dilakukan dan kemungkinan terdapat konspirasi di dalamnya.'",0,0,0,0,0,0,0,0,0,0,0,0
"USER Tak terasa genap 1 tahun mendatang 17 April 2018 akan digelar Hajatan pilpres, acara tahunan Negara Indonesia untuk memilih Presiden. Semoga senantiasa berjalan aman dan lancar. Amin.",0,0,0,0,0,0,0,0,0,0,0,0
USER Ian pantat',0,1,0,0,0,0,0,0,0,0,0,0
"USER USER Ngakunya org pintar dan beragama, emangnya agama mana yg memperbolehkan menista dan menghujat org lain???. Jgnkan orang bodoh, org yg ( maaf) sejak lahir idiot sekalipun dia, kita hrs hargain sebagai sesama ciptaan Tuhan. Ingat : iblis itu juga pintar dan sangat licik!!!'",0,1,0,0,0,0,0,0,0,0,0,0
Pendaftaran Capres untuk #Pilpres2019 saja belum dibuka sampai Agustus 2018...yang normatif begini politikus PDIP masih belum paham? #2019GantiPresiden !!,1,0,0,1,0,0,0,0,1,0,1,0
Si tolol udah tau pemerintah rezim komunis ini bobrok koruptor bisa pimpinan sidang DPR paya cebong URL,1,1,1,0,0,1,0,0,0,1,0,0
dari dulu kenapa bapak w kalau ke mantan mantan w selalu mgerasa sedih ampe kepikiran dan gabisa tidur lohh?!! dan w ngerasa jadi anak yg brengsek aja gt ke laki2 :)))',0,1,0,0,0,0,0,0,0,0,0,0
Cina perusak bangsa!! Usir !! Stuju??,1,0,0,1,0,1,0,0,0,0,0,1
#2019GantiPresiden scra konstitusional hak setiap rakyat woiii!! . Gini nih kalo planga plongo tapi kelakuan otoriter.,1,1,1,0,0,0,0,0,1,1,0,0
Mari kita wujudkan Pilkada Kota Bengkulu 2018 aman dan damai.; .; .; coki_adem86 98heru�?�,0,0,0,0,0,0,0,0,0,0,0,0
"Mau tanya serius ini sm presiden jokowi======= knp yg ada cm islam nusantara,knp tdk ada kristen nusantara,budha,hindu bahkan kong huchu nusantara???'",0,0,0,0,0,0,0,0,0,0,0,0
KORSA: Pernyataan Moeldoko Bukti Istana Takut dengan Kebangkitan Umat Islam,0,0,0,0,0,0,0,0,0,0,0,0
cowo yang jago drasex mana? sini ngentot sama adek - luvian',0,1,0,0,0,0,0,0,0,0,0,0
"USER kroasia itu kapir tauuu,ngapain blajar sm kapir...udh lupa sm kapling sorga??'",1,1,0,1,1,0,0,0,0,0,1,0
USER USER loh bukan nya mentri suharto ada yg homo?',1,1,1,0,0,0,0,1,0,1,0,0
Gue tau loh bukan yang dulu yang masih culun dan cemen semua orang pasti akan berubah perlahan2 entah itu baik / buruk :)',0,0,0,0,0,0,0,0,0,0,0,0
Pada perang salib dulu itu kerajaan di Afrika terbagi dua yakni Babilonia pemeluk kristen dan Tobaco pemeluk islam',0,0,0,0,0,0,0,0,0,0,0,0
"Kejar setorang memang cukup bangsad, mana rupiah turun \xf0\x9f\x98\xa5'",1,1,1,0,0,0,0,0,1,1,0,0
"Moga ini ada tindak lanjutnya!; ; Pelaporan terhadap ?penista agama? Ade Armando akan dilakukan langsung oleh Ketua Umum FPI KH. Shobri Lubis ke Bareskrim Mabes Polri, Gambir, Jakarta Pusat pada Selasa (10/4) pukul 13.00 WIB.; #Perhaps USER;",1,0,1,0,1,0,0,0,0,1,0,0
USER USER USER USER USER USER USER USER Bangke.. hajar!!!!',1,1,1,0,0,0,0,0,1,0,0,1
USER USER USER .\nOnta mati klo kebanyakan Minum',1,0,0,1,0,0,0,0,1,0,1,0
URL Ahok tng mrka trus was-was hdpnya USER USER USER USER USER USER USER,1,0,1,0,0,0,0,0,1,1,0,0
Itu baru di Sul Teng.. !!!; Ini ekses akibat tersandera hutang china !!!; #2019GantiPresiden; #2019PresidenBaru ; #2019TetapJokowiGanti,1,0,1,0,0,0,0,0,1,1,0,0
"6. Pride (Yunani; \xe1\xbd\x99\xcf\x80\xce\xb5\xcf\x81\xce\xb7\xcf\x86\xce\xb1\xce\xbd\xce\xaf\xce\xb1-hyper\xc4\x93phania) keangkuhan/harga diri/kesombongan\ndikenal juga dengan sebutan hubris/vanity. harga diri yang tinggi dapat merubah manusia sombong, kesombongan membuat manusia terkutuk dimata tuhan.dan dapat membuat manusia mencintai dirinya sendiri-'",0,0,0,0,0,0,0,0,0,0,0,0
"Aku bertanya tujuan pada hati\nLogikaku yg menjawab \nTapi hati tak tenang\nAku bertanya pada logika \nHatiku sedih \nKu cari jawaban dalam wasiat yg Beliau tinggalkan. \nDan aku mulai menjadi terasing dan asing di mata manusia. \nTak apa duhai diri, ada",0,0,0,0,0,0,0,0,0,0,0,0
USER Tak hanya kurang bertaji nya kpk era ini...tapi era ini juga komitmen dlm pemberantasan korupsi tdk spt di era Pak sby....,1,0,0,1,0,0,0,0,1,0,1,0
RT USER: Admin tolol di partai tolol\nPartai Tolol untuk orang Tolol',1,1,0,1,0,0,0,0,1,0,1,0
"RT USER: Ayu Ting Ting Goyang Hot Dekat Raffi Ahmad, Nagita Slavina: Kampungan, Norak URL",0,1,0,0,0,0,0,0,0,0,0,0
Video ttg TKA dibuat oleh Malaysia tapi mengutip pernyataan saya di USER,0,0,0,0,0,0,0,0,0,0,0,0
PPP: Jangan Buru-buru Tolak Wacana Pilkada Lewat� DPRD,0,0,0,0,0,0,0,0,0,0,0,0
"Random pagi2 ada Bapak2 nyamperin ke meja kerja trus nanya ""pake bedak apa sih biar mukanya bersih, istri saya butek soalnya""\nIngin ku jawab pake air wudhu tapi ku Kristen.'",0,0,0,0,0,0,0,0,0,0,0,0
USER USER KO GUA KAMPRET',0,1,0,0,0,0,0,0,0,0,0,0
Memek lonte pengen disodok kontol gede',0,1,0,0,0,0,0,0,0,0,0,0
Jokowi aja yg mundur. USER tutup. URL,1,0,1,0,0,0,0,0,1,1,0,0
"USER Ngomong opo itu.mulut kok seperti banci...beli kaca dulu lihat dirimu,. Broo'",1,1,1,0,0,0,0,1,0,1,0,0
USER Ada amin rasis.\nAda amat dani\nAda ratna si paiiit.\nAda si onta.\nAda si lobang anus.\nJdi jngan takut wo wo..\nKehabisan obat penenang yh.',1,1,1,0,0,0,0,0,1,1,0,0
USER Tunggu komando IMAM BEJAT CABUL USER . TAIK BEER \xf0\x9f\x8d\xba\n\nApe2 bawa ULAMA...\nDASAR Banj SEMPAK',1,1,1,0,0,0,0,1,0,1,0,0
Kabinet berantakan \nPemecah belah persatuan hanya ad di rezim ini',1,0,0,1,0,0,0,0,1,0,1,0
"dih! Ngaku lebih pinter dr orang politik, NGACA DULU WOYY tampang loe aja k\xc3\xa6k orang BEGO!!! USER ckakakakak'",1,1,1,0,0,0,1,0,0,1,0,0
"#PDIPerjuanganMenang Dengan menekan perusahaan tambang dgn target proyek yang impossible, lalu dilelang murah pada antek Cina. NTB contoh kasus. PDIP mau menang? Dasar bajingan'",1,1,0,1,0,0,0,0,1,0,1,0
USER USER ga caya sama mulut buaya mu bwang',1,1,1,0,0,0,0,0,1,1,0,0
"2019, jika SBY + PRABOWO menyatu melawan MEGA + JOKOWI , maka peristiwa 2004 akan terulang dimana PDIP yg Incumbent dikalahkan mutlak oleh SBY. ; ; Tp jk JKW+MEGA+SBY melawan PRABOWO, mk Pilpres selesai sudah. ; ; Jk 3 Poros di Pilpres, mk salah satu Lawan",0,0,0,0,0,0,0,0,0,0,0,0
RT USER USER Jangan kayak BANCI KALENG kamu GATOT sering buat Gaduh gentleman lah MUNDUR siap bersaing di pemilihan presidens 2019 melawan Jokowi,1,1,1,0,0,0,0,1,0,1,0,0
bebal...,0,0,0,0,0,0,0,0,0,0,0,0
"5. Yang terakhir karena Indonesia negara dengan populasi muslim terbesar di dunia, yang mana Islam saat ini merupakan musuh barat &amp; Komunis karena dapat menghambat agenda dan kepentingan mereka.(Obviously)'",0,0,0,0,0,0,0,0,0,0,0,0
USER USER umuh &gt; persib\npersib kunyuk!!!!\n\xf0\x9f\x98\x82\xf0\x9f\x98\x82\xf0\x9f\x98\x82',1,1,0,1,0,0,0,0,1,0,1,0
USER USER Buat film muslim pilih ahok mati nggak di sholatin......; dijamin laris ......,1,0,1,0,0,0,0,0,1,1,0,0
"tapi banu banu Yahudi itu tentu beda dgn banu banu Kristen Syriac. salah satu perbedaan ad banu Yahudi tetep pake ""eloah/ elohim/ yahwe/"" sedangkan Syriac sudah pake ""alah/ allah""'",0,0,0,0,0,0,0,0,0,0,0,0
USER Eh kenapa muka merah2 tu? Tak dpt cendol ke? Bukan la setan cuaca skrg ni panas.',0,1,0,0,0,0,0,0,0,0,0,0
Pemberitaan saracen diframing katak seakan tim prabowo dan anies-sandi. Seberulnya itu media menumpahkan sakit hati katak dan cebong. *Ehe,1,1,0,1,0,0,0,0,1,0,1,0
"Giat Bhabinkamtibmas Brigpol Mbs Sihombing pd hari ini, Rabu 11 April 2018 melaks sambang desa dan tatap muka sekaligus monitoring Kamtibmas menuju Pilkada 2018 di Desa Lobusiregar I, tepatnya dirumah Rudi Panjaitan, Helman Siahaan dan Hotman Siahaan",0,0,0,0,0,0,0,0,0,0,0,0
Syg bgt ya ngeliat perempuan kyk gini... Gak ada status apa2 tp udah nemplok sm laki-laki sana sini. Haduh....\nNagita Slavina Blak-blakan Sebut Ayu Ting Ting Kampungan \xe2\x80\x93 VIVA URL,0,1,0,0,0,0,0,0,0,0,0,0
USER Jgn lupa juga kang.... Umat katolik dan minorutas lainnya diperhatika. Gubernur untuk semua golongan bukan satu golongan.',0,0,0,0,0,0,0,0,0,0,0,0
USER USER USER USER Kan ane bukan cebong udeh dibilangin dari maren masih ngeyel\nSitu maksa ane jadi cebong?',1,1,1,0,0,0,0,0,1,1,0,0
"USER Kelemahan gerindra itu ada di orang ini,...Prabowo turun elektabilitasnya karena CONGOR fadlizon spt DURNO'",1,1,1,0,0,0,0,0,1,1,0,0
"Selamat Hari Kartini, setiap kali selalu dirayakan, lalu apa maknanya kali ini �?�?",0,0,0,0,0,0,0,0,0,0,0,0
"Foto memang bisu ,tpi memiliki banyak arti yg sush diartikan,sma seperti kamu susah diartikan,mau putus atau lanjut ?'",0,0,0,0,0,0,0,0,0,0,0,0
USER wakakakaka aku sudah mengalaminya \xf0\x9f\x98\x82\xf0\x9f\x98\x82\xf0\x9f\x98\x82\xf0\x9f\x98\x82 tetiba muncul grub wa a.n Bani Abd Hadi a.k.a mbahku dan seketika aku mek kenal beberapa orang saja \xf0\x9f\xa4\xa3\xf0\x9f\xa4\xa3\xf0\x9f\xa4\,0,0,0,0,0,0,0,0,0,0,0,0
"abam pres badar n nuqaba pling boekkk�???, dia ni hebat dlm bidang agama, x tkut nk tgur member sndiri, n selalu wat lawak hambar (yg pling aku ingt smpai skrg lawak dia klau org ckp jom gerak skrg dia akn gerakkn badan dia yg chubby tu)�???,",0,0,0,0,0,0,0,0,0,0,0,0
�??Seorang anak Pekan telah mengilhamkan Dasar Ekonomi Baru (DEB) dan menjadi penggerak utama kepada kemajuan ekonomi luar bandar. Beliau adalah Allahyarham Tun Abdul Razak�?? - DS USER #MalaysiaMemilih #HogohUndi,0,0,0,0,0,0,0,0,0,0,0,0
"USER USER Hahaha sialaaan nih si USER,; ; ternyata klo lg laper, ; presiden juga mau disikat sama doi�???�??�; ;",0,0,0,0,0,0,0,0,0,0,0,0
"USER USER USER mau menasehati kali supaya ga ugal2an nih rezim.. eh tapi ini negeri sdh keburu ancor..nah skrg saja ekonomi morat marit,, kacaoooooo!!'",1,0,1,0,0,0,0,0,1,1,0,0
"USER aelaah silit kebeler,. ngapa dikasianin,., org makin sayang saya pak,.,\nsetelah kasus sosmed gw baru sadar bbrapa hal di seitansai kemarin.,.\ntar gw ceritain,., duuuhhh,. \xf0\x9f\xa4\xa3\xf0\x9f\xa4\xa3\xf0\x9f\x98\x85'",0,1,0,0,0,0,0,0,0,0,0,0
"USER iya, tdi cacad'",0,0,0,0,0,0,0,0,0,0,0,0
"USER tahun 2019 Rakyat makan ASPAL dan BETON; ini adalah solusi jitu mengurangi kemiskinan; ; KEAHLIAN CEBONG HANYA 1, TUKANG TIPU !!!; cebong mah gitu, goblok nggak ketulungan. Plonga plongo mengakibatkan optimisme berlebihan; ; #2019GantiPresiden #",1,1,0,1,0,0,0,0,1,0,1,0
"USER Aku pernah sempat baca ttg Harun Yahya ini yg 'membelot' ke kubu Yahudi dgn Freemasonry nya...kdg suka ga percaya...""",0,0,0,0,0,0,0,0,0,0,0,0
Kita Maju Bersama Ulama ; Kita Bergerak Bersama Semua Tokoh Agama untuk Indonesia; #NderekGusMus,0,0,0,0,0,0,0,0,0,0,0,0
USER USER USER USER USER USER USER USER USER USER USER USER USER USER USER USER USER USER USER USER USER,0,0,0,0,0,0,0,0,0,0,0,0
"#MukidiKepedean ; Pertanyaan mudah ya..; Dijawab yg keras , tapi Saya minta dijawab yg keras , siapa nama Saya ?",0,0,0,0,0,0,0,0,0,0,0,0
USER Kemarin di hujat sekarang mengharap dasar para bani kamprey',1,1,0,1,0,0,0,0,1,0,1,0
"USER Penjelasan sy bukan FITNAH, silahkan DIBANTAH USER Apollinaris Darmawan Sebut Al-Quran Kitab Sampah",1,1,0,1,1,0,0,0,0,0,1,0
"Monyet aja koloe dbilang saudra sma elo pasti ogah, hdupmu kok gini amat ya.. Toe Hati apa comberan? USER'",1,1,1,0,0,0,0,0,1,1,0,0
Body Lufra/ scrub dg bhn dasar lidah buaya utk mlembabkn kulit &amp; lbh bcahaya info: 087812026394 #BMI',0,0,0,0,0,0,0,0,0,0,0,0
USER Tak punya cacat di masa lalu krn blum bermasa lalu',0,0,0,0,0,0,0,0,0,0,0,0
USER USER jangan2 penganut bumi datar juga? \xf0\x9f\x98\x9d\nsoalnya teori bumi bulat kan dari orang asing yg notabane musuh mereka.',0,0,0,0,0,0,0,0,0,0,0,0
"Becak Warga Binjai Hendak Disita karena Gunakan Tenda Bertuliskan #2019GantiPresiden, PKS MERADANG; ; Bukti pemerintah panik dan takut?; ;",1,0,0,1,0,0,0,0,1,0,1,0
lebih baik jokowi mundur..,1,0,1,0,0,0,0,0,1,1,0,0
Munas Alim Ulama PPP di semarang. menghasilkan lima rekomendasi syarat dan kriteria-kriteria bagi Calon Wakil Presiden yang akan mendampingi Bpk Jokowi di 2019 mendatang. #Romahurmuziy,0,0,0,0,0,0,0,0,0,0,0,0
USER Luar biasa pencerahan nya.. Saya merasa gagal sebagai anak ekonomi.. Wkwk,0,0,0,0,0,0,0,0,0,0,0,0
"USER USER USER USER Kafan berasal dari budaya yahudi, kenapa umat Islam mengklaim ?'",0,0,0,0,0,0,0,0,0,0,0,0
Oleh rezim skrg atas kendali Negara Cina Komunis yg mjd patron tunggal rezim anti islam ( Jokowi ),1,0,0,1,1,1,0,0,0,0,1,0
USER USER itu tanda nya mau pilkada n pilpres,0,0,0,0,0,0,0,0,0,0,0,0
Misi4: Membangun masyarakat yang gotong royong toleran dan harmoni selaras nilai budaya Jawa Barat yang luhur #No3JabarAsyik #Asyikm3nang,0,0,0,0,0,0,0,0,0,0,0,0
Ketabahan pasangan En Taufiq dan Puan Nurliyana yang wajar dicontohi.. jom kita beri sumbangan untuk meringankan beban pasangan ini... come on twitter do your things! ; ; BSN - 0510541000096745 ; Bank Islam - 05058020145124 ; (Nurliyana bte Abdul Raziff) ;,0,0,0,0,0,0,0,0,0,0,0,0
"USER Apaansi tai baru gt doang belagunya udah selangit. Ga inget ada karma? Ntar bbrp taun lagi kalo idol lu flop, gua ketawa paling keras.'",1,1,1,0,0,0,0,0,1,1,0,0
USER USER celeng kgn gw y',0,1,0,0,0,0,0,0,0,0,0,0
"#TerangiNegeri dengan budaya , yuk pada visit ke purwokerto ,mumpung Ada even rakyat.; .; #purwokerto; #extravaganzabanyumas",0,0,0,0,0,0,0,0,0,0,0,0
"Presiden itu punya dana taktis, dia bisa menggunakan untuk kepentingan rakyatnya di luar program2 pemerintah yang sudah ada. Soal program banyak sekali: ada pembangunan infrastruktur, KIP, KIS, Sertifikat tanah, perhutanan sosial, BBM 1 harga, padat karya,",0,0,0,0,0,0,0,0,0,0,0,0
USER Aamiin ya Allah :(((\nTimnya Kinan aja sampai pelatihan ular karena dia dapat di rawa-rawa. Aku dapatnya di sungai gede gt dan musuhnya buaya wkwkw',0,0,0,0,0,0,0,0,0,0,0,0
USER USER MAJU KAMU NGATAIN MAMA AKU BOLOT',1,1,1,0,0,0,0,0,1,1,0,0
"Grombolan Kadal Jidat gosong,mmg bgtu, sukanya ribut tapi klo grombolanya yg salah pura2 Budek..Dasar Grombolan Cingkrang URL",1,1,0,1,0,0,1,0,0,0,1,0
USER USER USER Segitu gentarnya dia takut terhadap Kafir...\xf0\x9f\x98\x81',0,0,0,0,0,0,0,0,0,0,0,0
RT USER USER betul padahal saracen juga siapa sehingga akun yang kritis dianggap saracen kan aneh jokowi,1,0,1,0,0,0,0,0,1,1,0,0
USER siapa bego lu bukan tmn gua najis dah kesel sendiri gue',1,1,1,0,0,0,0,0,1,1,0,0
USER USER Kafir kristen selalu buat ulah,1,1,0,1,1,0,0,0,0,0,1,0
"USER Tau dong, bau baunya udh keciri ini sipit buluq'",1,1,1,0,0,1,0,0,0,1,0,0
"USER kayak memegang, bukan mucikari'",0,0,0,0,0,0,0,0,0,0,0,0
"Guru TK Dharma Wanita Persatuan Desa Plumbon Porong Deklarasi anti HOAX ,Ujaran kebencian, issu sarah dan mendukung pilkada damai",0,0,0,0,0,0,0,0,0,0,0,0
USER Anjir serem maennya begituan \xf0\x9f\x98\x82\xf0\x9f\x91\x8c',0,1,0,0,0,0,0,0,0,0,0,0
USER Kayaknya bisa? Atau cuma bank tertentu? Bilang aja mau jual uang asing/tukar ke rupiah',0,0,0,0,0,0,0,0,0,0,0,0
USER USER USER USER Onta yaman ni\n\nsetahun lagi gua deportasi loe',1,1,1,0,0,0,0,0,1,0,0,1
Hati-Hati Berita Pilkada yang Berbau Hoax #madiun #madiuntoday #100thmadiun #KotaKarismatikMadiun #tolakcukaiilegal; Kunjungi juga,0,0,0,0,0,0,0,0,0,0,0,0
USER anak cocot ya ini USER',1,1,1,0,0,0,0,0,1,1,0,0
USER \xf0\x9f\x99\x88\xf0\x9f\x99\x88\xf0\x9f\x99\x88\xf0\x9f\x99\x88\xf0\x9f\x99\x88\xf0\x9f\x99\x88\xf0\x9f\x99\x88udah ketauan HOAX ya Fahri mangkanye klu ambil berite tuyg update jangan dari tong sampah diambil terus di SS taunya berit udah,1,0,1,0,0,0,0,0,1,1,0,0
Mantaaap DM dekat sama Banser bang USER,0,0,0,0,0,0,0,0,0,0,0,0
"ternyata ada lebah yg gak suka bunga, tapi makan bangkai. gw penasaran madu nya kaya gimana \xf0\x9f\xa4\x94'",0,0,0,0,0,0,0,0,0,0,0,0
USER USER Pantas indonesia mundur dalam segala bentuk,1,0,1,0,0,0,0,0,1,1,0,0
USER USER USER USER Naahh yg dongo yg bilang hekell hahaha',0,1,0,0,0,0,0,0,0,0,0,0
USER USER USER USER Hahahaha blunder lu cebong... Yg gak ngasih tuh pem. pusat dengan Alasan HAM... kalau rakyat aceh ya mau kali pun.. Cobak kau datangi pemerintah bilang suruh buat hukum islam kaffah di aceh... Klau DPR a,1,1,1,0,0,0,0,0,1,1,0,0
BANGSAD GUA DAH NYELEM AMPE BAWAH2 BALIK LGI KE ATAS!1!',0,1,0,0,0,0,0,0,0,0,0,0
Saya tak bisa dipancing-pancing dgn urusan penistaan atau bukan. Saya hanya berbicara pemahaman saya ttg fiksi dan kitab suci.,0,0,0,0,0,0,0,0,0,0,0,0
USER USER USER USER Cebong kacung itu kt temen gw dungunya sampe ke tulang sum2..jd jgn buang2 energi debat sm mereka..\xf0\x9f\x98\x82',1,1,0,1,0,0,0,0,1,0,1,0
USER PARTAI KORUPSI SAPI......goblog...',1,1,0,1,0,0,0,0,1,0,1,0
"Signal kntl !! Pemeliharaan apalagi ini ? Niat gak sih ? Login twitter doank susah amat, gmn mau open redtube ? Cetan !! USER'",1,1,0,1,0,0,0,1,0,0,1,0
USER USER Matane aku moh aku kafir wkwkwk',0,0,0,0,0,0,0,0,0,0,0,0
USER Jadi inget fesbuk anjir lupa aku',0,1,0,0,0,0,0,0,0,0,0,0
"USER kalo aing sih bakal bilang ""hilih kntl""'",0,1,0,0,0,0,0,0,0,0,0,0
"Nikita Mirzani udah pake hijab, yg masih ngomong cebang cebong udah pernah fantasiin doi belom? Uh ah!! #cokoRers'",1,1,1,0,0,0,0,0,1,1,0,0
"USER Tatapannya dialihkan ke arah lain, enggan menatap pria mencurigakan itu. Lagipula, siapa yang pertama kali membuat gaduh suasana? Jika Angie tidak menemukan ada seorang pria asing yang tidur di sofanya, kejadian seperti ini tidak akan terjadi.",0,0,0,0,0,0,0,0,0,0,0,0
Lahir dan berkembangnya gerakan komunis di Indonesia tidak dapat dipisahkan dari sebuah organisasi yg bernama ISDV',0,0,0,0,0,0,0,0,0,0,0,0
Shaheizy Sam wajah baharu Calpis,0,0,0,0,0,0,0,0,0,0,0,0
"""Ya, terserah lo aja."" Balasnya kembali fokus kepada kerjaan kita.; ; Kami mengerjakan tugas project Seni Budaya hanya dalam 2 hari, setelahnya langsung dikumpul dan dipresentasikan. Bersyukur nilainya memuaskan.; ; Setelah kejadian project itu kami makin",0,0,0,0,0,0,0,0,0,0,0,0
Ga bakalan bro,0,0,0,0,0,0,0,0,0,0,0,0
KELAKUAN bodoh USER masuk KATEGORI perbuatan TIDAK MENYENANGKAN\n\nKelakuan sontoloyo USER sangat MENGANGGU persatuan BANGSA\n\nKelakuan NAIF USER secara TIDAK LANGSUNG sbg bentuk INTIMIDASI thd ULAMA\n\nKelakuan USER,1,1,1,0,0,0,0,0,1,1,0,0
Monyet Turun ke Pemukiman Warga Cibadak Sukabumi - URL,0,0,0,0,0,0,0,0,0,0,0,0
"USER Kotor ga masalah yang penting bahagia warganya, cebong mana ngerti'",1,1,0,1,0,0,0,0,1,0,1,0
mau giveaway taplak meja tapi nanti yang menang cuma therichchenle',0,0,0,0,0,0,0,0,0,0,0,0
RT USER: Sudah kebuka satu demi satu kebusukab kubu anies sandi yg menang dengan tanpa berkah URL dan Prabowo berusaha cuci tangan,1,0,0,1,0,0,0,0,1,0,1,0
USER USER WKWKWKWK BODO BANG',0,1,0,0,0,0,0,0,0,0,0,0
"USER USER Bikan Kaya Orang Bego,Bro ?Tapi...Memang,B..EGO.'",1,1,1,0,0,0,0,0,1,1,0,0
KLHK Upayakan Pemerataan Ekonomi Melalui TORA di Kawasan Hutan dan Perhutanan Sosial - Tribun Medan,0,0,0,0,0,0,0,0,0,0,0,0
"USER Pak USER Mahfud MD sudah berpaling dari Allah SWT Pemberang, demi bangsa ajak semua Buang Islam",1,1,0,1,1,0,0,0,0,0,0,1
USER USER Orang2 bego kebanyakan minum &amp; makan kotoran onta ...otak nya somplak',1,1,1,0,0,0,0,0,1,1,0,0
Apa yang terkuak semuanya sudah jelas sejak awal memang itu strategi kampanye kami di tim pemenangan anies sandi URL,1,0,1,0,0,0,0,0,1,1,0,0
"""Warga Baduy setelah selesai memperingati tradisi Seba di Pendopo Pemkab Lebak akan dilanjutkan kembali bertemu dengan Gubernur Banten Wahidin Halim hari ini, Sabtu (21/4) #SebaBaduy2018""",0,0,0,0,0,0,0,0,0,0,0,0
Lembaga2 anti-korupsi masa lalu bubar krn sentuh kekuasaan. Giliran KPK kenapa PDIP partai politik penguasa yg plg ngotot ingin bubarkan KPK?,1,0,0,1,0,0,0,0,1,0,1,0
"USER USER USER Justru mas klo mnyudutkan salah satu agama trtentu malah bahaya,itulah pak rocky ini cerdik. Dia bisa nyusun kalimat yg tepat &amp;pantas dgunakan,Inti dari ini dia mau kasih tau pngertian fiksi sbenarnya,ayolah mas nya i",0,0,0,0,0,0,0,0,0,0,0,0
Para Pendukung Capres gagal Move On salalu sibuk Urus Aseng bawa kabur uang Rp 35 T. Tapi ngak sadar kenapa Aseng bisa kabur bawa uang sebanyak itu tanpa didukung Pribumi ASU. Mustahil Aseng bisa. Pribumi hanya diam kalau disogok. Mental kacung emang. URL,1,1,0,1,0,1,0,0,0,0,1,0
RT USER: USER USER Lo rabun apa budek?\nGue nulis gak ngomong!!\n\xf0\x9f\x98\x81\xf0\x9f\x98\x80',1,1,1,0,0,0,1,0,0,1,0,0
Bismillah nahan sepo yang terkutuk',0,1,0,0,0,0,0,0,0,0,0,0
"USER Brahahahaaa, Cebong nya NgAhok ! \xf0\x9f\xa4\xa3\xf0\x9f\xa4\xa3 USER ((( cebong blm cebok ))) \xf0\x9f\x98\x85 USER'",1,1,1,0,0,0,0,0,1,1,0,0
"Apdet status bikin tugas2 kelar gak ya? Kok jancuk sekali, mbut!'",0,1,0,0,0,0,0,0,0,0,0,0
"USER Pak USER walaupun Anda Muslim, sebagai pejabat negara, Anda harus bertindak demi bangsa & negara",0,0,0,0,0,0,0,0,0,0,0,0
"12. Ikan yg sudah sembuh dari sakitnya dan yg masih terselamatan (bagus, laik jual) harus dipisah atau diseleksi dari ikan yg cacat permanen untuk pemeliharaan lebih lanjut. \n\n#kesehatanikan\ncc: USER USER USER'",0,0,0,0,0,0,0,0,0,0,0,0
ARTINYA APA ? Pribumi sadari & lihat siapa mereka ? KECUALI KALIAN sama-sama CINA KOMUNIS / MISIONARIS abaikan tweet ini usir cina Indonesia,1,0,0,1,0,1,0,0,0,0,0,1
Presiden yang anda tuduh Rezim anti Islam sudah banyak berbuat untuk Negeri ini sudah bnyak berbuat untuk umat... URL,1,0,1,0,0,0,0,0,1,1,0,0
USER USER Manusia bangsad -.-',1,1,1,0,0,0,0,0,1,1,0,0
RT USER Tpi ingat ya. Jangan sampe Cina mengenalkan wisata Haram jga ke indonesia hahaha,1,0,0,1,0,1,0,0,0,0,1,0
RT USER Nanya di mana Prabowo dan PKS saja Bib kan asoy tuh dianggap antek Prabowo dan antek PKS. Hidupmu pasti lebih dramatis,1,0,1,0,0,0,0,0,1,1,0,0
"Persahabatan Salah-Lovren ini jadi bukti bahwa beda suku, agama, ras, bukanlah halangan dlm membina hubungan dgn sesama umat manusia.; ; Perbedaan justru menjadi warna tersendiri dlm menjalin pertemanan. Terima kasih, Lovren-Salah! �?��? #Favourites #BFF #Bro",0,0,0,0,0,0,0,0,0,0,0,0
"USER USER USER Sama aja lh lae,meskipun sdh turun menurun tp ideologi pki sllu melekat di jiwa mreka.'",0,0,0,0,0,0,0,0,0,0,0,0
"RT USER: USER Saya juga sebel kalo ada yg ngeroko sambil naik motor, yakan kadang engap kalo ditutup terus apalagi macet\xe2\x80\xa6'",0,0,0,0,0,0,0,0,0,0,0,0
"USER USER Udah minta maaf kunyuk USER bro.\n\nEnak bgt rasan mereka....sebar hoax, minta maaf....sebar hoax lagi, minta maaf lagi.\n\nMesti d sapu dulu USER biar jera nih orang.... URL",1,1,1,0,0,0,0,0,1,1,0,0
"Hello warga Jakarta, Wakil Kepala DPMPTSP Provinsi DKI Jakarta, Bapak Denny Wahyu Haryanto mewakili Wakil Gubernur Provinsi DKI Jakarta membuka acara ""2018 Junior Chamber International (JCI) Indonesia National Event"" #setiamelayanijakarta",0,0,0,0,0,0,0,0,0,0,0,0
"2. Selain perkuat jaringan, Gubernur USER juga menekankan perlunya menguasai state of the art knowledge serta bahasa selama merantau di luar Indonesia USER",0,0,0,0,0,0,0,0,0,0,0,0
Pandangan TGB terhadap Agama dan Politik,0,0,0,0,0,0,0,0,0,0,0,0
RT USER: Provider brengsek',1,1,0,1,0,0,0,0,1,0,1,0
Susilo Bambang Yudhoyono Presiden RI ke 6 meminta Khofifah Emil untuk dekat dengan masyarakat . No 1 Bisa ! #BaGusS,0,0,0,0,0,0,0,0,0,0,0,0
USER USER USER Yang dungu itu orang yang mau ganti presiden!!! Tp g tau siapa!!! Mikiiiir!!!!',1,1,1,0,0,0,0,0,1,1,0,0
RT USER: Bokep cewek bispak bandung ngentot Croot Di Dalam \xf0\x9f\x98\x80\n\nDownload Full : URL URL,0,1,0,0,0,0,0,0,0,0,0,0
USER kampret complain rag ditanggepi fuck',1,1,0,1,0,0,0,0,1,0,1,0
Kamu kok kaya jablay GTA maunya dijemput pake mobil',1,1,1,0,0,0,0,1,0,1,0,0
Lihat memek tante',0,1,0,0,0,0,0,0,0,0,0,0
Sementara itu USER kerjanya musuhi dakwah Islam & bubarkan HTI..! Rakyat jg berhak lengserkan jokowok tukang pencitraan!!,1,0,1,0,1,0,0,0,0,0,0,1
"USER USER USER USER hah, katanya saling melengkapi. orang buktinya kamu juga goblok. gimana si?'",1,1,1,0,0,0,0,0,1,1,0,0
"\xe2\x80\x9cTidak!\xe2\x80\x9d kata salah seorang Khalifah Rasyidin itu, \xe2\x80\x9ckami dahulu memerangi orang kafir bersama mereka\xe2\x80\x9d. \xe2\x80\x9cKalau begitu, mereka orang-orang munafik\xe2\x80\x9d. \xe2\x80\x9cTidak juga. Sebab, orang muna",0,0,0,0,0,0,0,0,0,0,0,0
USER USER USER USER USER USER USER USER USER USER USER USER USER USER USER USER USER USER dia doyan nete un jadi maklumin',0,1,0,0,0,0,0,0,0,0,0,0
USER nek ndelok match terkhir celsi sih kudune menang mudah emyu... Tapi yo embuh sih celsi kacrut ki raiso diprediksi \xf0\x9f\x98\x82',1,1,0,1,0,0,0,0,1,0,1,0
USER Yakali Pak TNI suruh urusin sampah plastik... \xf0\x9f\x98\x91',0,0,0,0,0,0,0,0,0,0,0,0
"USER USER Itulah yg di khawatirkan dari manuver politik dan kebijakan yg dilakukan oleh rezim ini, semoga hal tersebut tidak akan pernah terjadi di NKRI tercinta, Aamiin..'",0,0,0,0,0,0,0,0,0,0,0,0
"Permadi Arya melaporkan Rocky Gerung ke polisi? Serius tuh? ; ; ""Kitab suci itu fiksi,"" kata Rocky.; ; Pernyataan itu salah? Anda merasa terhina? Wait. Bukankah biasa penganut agama A menganggap kitab suci...",0,0,0,0,0,0,0,0,0,0,0,0
USER bajingan tengik memang',0,1,0,0,0,0,0,0,0,0,0,0
Kok bs pake buruh Cina? Kan rakyat sendiri bnyak pngangguran.Dasar rejim kodok!,1,1,1,0,0,1,0,0,0,1,0,0
USER USER USER USER USER USER USER USER USER USER USER USER USER USER USER USER USER USER USER USER @,1,1,0,1,0,0,0,0,1,0,1,0
rp haneul pada cute padahal rlnya perek.yang on retweet',0,1,0,0,0,0,0,0,0,0,0,0
"USER USER USER USER USER USER USER USER USER USER USER USER Bilangnya anti asing, aseng...nda taunya.... Wkwkwkwkwk'",0,0,0,0,0,0,0,0,0,0,0,0
USER Di suriah sekolah radikal dan rakit bom..plg ke indonesia jadi tempat pkl...ya di amankan',0,0,0,0,0,0,0,0,0,0,0,0
"RT USER: Karena kadang hidup emang kayak tai. Malah kadang yang berak orang lain tapi elo yang harus beresin tainya, tangan lo y\xe2\x80\xa6'",0,1,0,0,0,0,0,0,0,0,0,0
USER Ih banci selotipan \xf0\x9f\x98\x82',1,1,1,0,0,0,0,1,0,1,0,0
RT USER USER USER USER USER USER USER Haha kalah ni yee org jahat pasti kalah,1,0,1,0,0,0,0,0,1,1,0,0
"#GubernurZamanNow #GusIpulPuti2 #GanjarYasin1 #DjarotSihar2 #HasanAnton2 #KosterAce1 #NurdinSudirman3 #KarolinGidot2 RT USER: ""Keanekaragaman budaya, suku, agama, itulah sesungguhnya kekayaan kita,�?? tutur Djarot di hadapan peserta Rakercabsu�?�",0,0,0,0,0,0,0,0,0,0,0,0
RT USER: USER Yg cinta orba pasti meng idola kan prabowo &amp; hary tanoe :D,1,0,1,0,0,0,0,0,1,1,0,0
"Nantang buka Dadalah, eh nyebut Setanlah emang sudah pada habis Kamus ngelawan ""Kenegarawanan Pak Joko Widodo Presiden RI ke 7, pada makin Stresssssss nie hati2 kena Stoke atau Serangan Jantung nanti Rakyat Indonesia kehilangan Badut2 Politik"" MERDEKA.",1,1,0,1,0,0,1,0,0,0,1,0
"USER USER USER USER ""BELAH"" duren yaaaa.\nGak dungu,ya gak cebong.\xf0\x9f\x98\x80\xf0\x9f\x98\x86\nMaaf ya.'",1,1,1,0,0,0,0,0,1,1,0,0
